/*
SQLyog Enterprise v12.08 (32 bit)
MySQL - 5.6.17 : Database - csh
*********************************************************************
*/

/*!40101 SET NAMES utf8 */;

/*!40101 SET SQL_MODE=''*/;

/*!40014 SET @OLD_UNIQUE_CHECKS=@@UNIQUE_CHECKS, UNIQUE_CHECKS=0 */;
/*!40014 SET @OLD_FOREIGN_KEY_CHECKS=@@FOREIGN_KEY_CHECKS, FOREIGN_KEY_CHECKS=0 */;
/*!40101 SET @OLD_SQL_MODE=@@SQL_MODE, SQL_MODE='NO_AUTO_VALUE_ON_ZERO' */;
/*!40111 SET @OLD_SQL_NOTES=@@SQL_NOTES, SQL_NOTES=0 */;
CREATE DATABASE /*!32312 IF NOT EXISTS*/`csh` /*!40100 DEFAULT CHARACTER SET utf8 */;

USE `csh`;

/*Table structure for table `admin` */

DROP TABLE IF EXISTS `admin`;

CREATE TABLE `admin` (
  `id` int(10) unsigned NOT NULL AUTO_INCREMENT,
  `username` varchar(20) NOT NULL,
  `password` varchar(50) NOT NULL,
  `state` tinyint(4) NOT NULL DEFAULT '0',
  `level` tinyint(4) NOT NULL DEFAULT '1',
  `note` varchar(50) NOT NULL,
  `timestamp` timestamp NOT NULL DEFAULT CURRENT_TIMESTAMP ON UPDATE CURRENT_TIMESTAMP,
  `add_time` int(11) DEFAULT NULL COMMENT '添加时间',
  PRIMARY KEY (`id`),
  UNIQUE KEY `uni` (`username`)
) ENGINE=MyISAM AUTO_INCREMENT=13 DEFAULT CHARSET=utf8;

/*Data for the table `admin` */

insert  into `admin`(`id`,`username`,`password`,`state`,`level`,`note`,`timestamp`,`add_time`) values (1,'root','root',1,0,'超级管理员（最高权限，可管理其他普通管理员）','2016-08-26 14:34:02',1471352746),(2,'admin','admin',1,1,'普通管理员','2016-08-19 21:00:16',1471352746),(9,'fdsf','fdsf',1,1,'','2016-08-20 17:27:21',NULL),(10,'fdsfds','fdsfsf',1,1,'2','2016-08-20 17:28:02',NULL);

/*Table structure for table `admin_login` */

DROP TABLE IF EXISTS `admin_login`;

CREATE TABLE `admin_login` (
  `id` int(10) unsigned NOT NULL AUTO_INCREMENT,
  `pid` int(11) NOT NULL,
  `login_time` int(11) NOT NULL,
  `login_ip` varchar(40) DEFAULT NULL,
  `timestamp` timestamp NULL DEFAULT CURRENT_TIMESTAMP ON UPDATE CURRENT_TIMESTAMP,
  PRIMARY KEY (`id`)
) ENGINE=MyISAM AUTO_INCREMENT=12 DEFAULT CHARSET=utf8;

/*Data for the table `admin_login` */

insert  into `admin_login`(`id`,`pid`,`login_time`,`login_ip`,`timestamp`) values (1,1,1472195513,'127.0.0.1',NULL),(2,1,1472196221,'127.0.0.1',NULL),(3,2,1472199934,'0.0.0.0',NULL),(4,2,1472216936,'0.0.0.0',NULL),(5,2,1472363174,'0.0.0.0',NULL),(6,2,1472363279,'0.0.0.0','2016-08-28 13:47:59'),(7,2,1472363414,'0.0.0.0','2016-08-28 13:50:14'),(8,1,1472365241,'0.0.0.0','2016-08-28 14:20:41'),(9,2,1472478427,'0.0.0.0','2016-08-29 21:47:07'),(10,1,1472519026,'127.0.0.1','2016-08-30 09:03:46'),(11,2,1472531592,'0.0.0.0','2016-08-30 12:33:12');

/*Table structure for table `contact` */

DROP TABLE IF EXISTS `contact`;

CREATE TABLE `contact` (
  `id` int(10) unsigned NOT NULL AUTO_INCREMENT,
  `cname` varchar(20) NOT NULL,
  `cphone` varchar(20) NOT NULL,
  `cemail` varchar(40) NOT NULL,
  `caddress` varchar(100) NOT NULL,
  `cqq` varchar(15) NOT NULL,
  `editer` varchar(20) NOT NULL,
  `edittime` int(11) NOT NULL,
  `timestamp` timestamp NOT NULL DEFAULT CURRENT_TIMESTAMP ON UPDATE CURRENT_TIMESTAMP,
  PRIMARY KEY (`id`)
) ENGINE=MyISAM AUTO_INCREMENT=2 DEFAULT CHARSET=utf8;

/*Data for the table `contact` */

insert  into `contact`(`id`,`cname`,`cphone`,`cemail`,`caddress`,`cqq`,`editer`,`edittime`,`timestamp`) values (1,'bingo','1378778877','boyyb88@gmail.com','重庆市南岸区青龙路金阳罗马假日','619280492','root',1472365648,'2016-08-28 14:27:28');

/*Table structure for table `message` */

DROP TABLE IF EXISTS `message`;

CREATE TABLE `message` (
  `id` int(10) unsigned NOT NULL AUTO_INCREMENT,
  `topic` varchar(30) NOT NULL,
  `name` varchar(20) NOT NULL,
  `phone` varchar(20) NOT NULL,
  `type` varchar(10) NOT NULL,
  `time` int(11) NOT NULL,
  `email` varchar(40) NOT NULL,
  `content` text NOT NULL,
  `timestamp` timestamp NULL DEFAULT CURRENT_TIMESTAMP ON UPDATE CURRENT_TIMESTAMP,
  `checked` tinyint(1) NOT NULL DEFAULT '0',
  PRIMARY KEY (`id`)
) ENGINE=MyISAM AUTO_INCREMENT=1007 DEFAULT CHARSET=utf8;

/*Data for the table `message` */

insert  into `message`(`id`,`topic`,`name`,`phone`,`type`,`time`,`email`,`content`,`timestamp`,`checked`) values (1,'hello','游客','1233232323','咨询',1470366426,'123@11.com','aaaaaaaaaaaaaaaaaaaaaaaaabbbbbbbbbbbbzzzzzzzzzzzzzzzzz','2016-08-20 18:38:02',1),(2,'hello','游客','1233232323','咨询',1470366426,'123@11.com','aaaaaaaaaaaaaaaaaaaaaaaaabbbbbbbbbbbbzzzzzzzzzzzzzzzzz柔柔弱弱','2016-08-20 18:38:02',1),(3,'hello123','游客','1233232323','建议',1470366426,'123@11.com','aaaaaaaaaaaaaaaaaaaaaaaaabbbbbbbbbbbbzzzzzzzzzzzzzzzzz柔柔弱弱','2016-08-20 18:38:02',1),(4,'个人通过提高','游客','4444','建议',1470366426,'66@ee.c0m','333333333333333','2016-08-21 14:28:30',1),(8,'fdsfdsfee','qq','32323232','咨询',1470366426,'323232@qq.com','fdfdfdfdfdfffssdfdsfsdf','2016-08-20 18:38:02',0),(6,'你好方式阿飞','游客','33333333333333','其他',1470366426,'3333@qq.cmo','帆帆帆帆帆帆帆帆帆帆','2016-08-21 15:00:09',0),(508,'主题1','游客1','13233566284','咨询',1470366426,'email1@qq.com','content1','2016-08-20 18:38:02',0),(571,'主题64','游客64','13640115356','咨询',1470366426,'email64@qq.com','content64','2016-08-20 18:45:56',1),(570,'主题63','游客63','13942843627','咨询',1470366426,'email63@qq.com','content63','2016-08-20 18:45:59',1),(569,'主题62','游客62','13308602905','咨询',1470366426,'email62@qq.com','content62','2016-08-20 18:46:01',1),(568,'主题61','游客61','13497567749','咨询',1470366426,'email61@qq.com','content61','2016-08-20 18:38:02',0),(567,'主题60','游客60','13853607177','建议',1470366426,'email60@qq.com','content60','2016-08-20 18:38:02',0),(566,'主题59','游客59','13350817871','咨询',1470366426,'email59@qq.com','content59','2016-08-20 18:38:02',0),(565,'主题58','游客58','13699935913','咨询',1470366426,'email58@qq.com','content58','2016-08-20 18:38:02',0),(564,'主题57','游客57','13490975952','咨询',1470366426,'email57@qq.com','content57','2016-08-20 18:38:02',0),(563,'主题56','游客56','13908923339','其他',1470366426,'email56@qq.com','content56','2016-08-20 18:38:02',0),(562,'主题55','游客55','13754016113','投诉',1470366426,'email55@qq.com','content55','2016-08-20 18:38:02',0),(561,'主题54','游客54','13842153930','建议',1470366426,'email54@qq.com','content54','2016-08-20 18:38:02',0),(560,'主题53','游客53','13766732788','其他',1470366426,'email53@qq.com','content53','2016-08-20 18:38:02',0),(559,'主题52','游客52','13380096435','建议',1470366426,'email52@qq.com','content52','2016-08-20 18:38:02',0),(558,'主题51','游客51','13918316650','其他',1470366426,'email51@qq.com','content51','2016-08-20 18:38:02',0),(557,'主题50','游客50','13455160522','投诉',1470366426,'email50@qq.com','content50','2016-08-20 18:38:02',0),(556,'主题49','游客49','13844515991','建议',1470366426,'email49@qq.com','content49','2016-08-20 18:38:02',0),(555,'主题48','游客48','13408221435','投诉',1470366426,'email48@qq.com','content48','2016-08-20 18:38:02',0),(554,'主题47','游客47','13458868408','其他',1470366426,'email47@qq.com','content47','2016-08-20 18:38:02',0),(553,'主题46','游客46','13128234863','咨询',1470366426,'email46@qq.com','content46','2016-08-20 18:38:02',0),(552,'主题45','游客45','13915542602','其他',1470366426,'email45@qq.com','content45','2016-08-20 18:38:02',0),(551,'主题44','游客44','13984124755','其他',1470366426,'email44@qq.com','content44','2016-08-20 18:38:02',0),(550,'主题43','游客43','13637863159','咨询',1470366426,'email43@qq.com','content43','2016-08-20 18:38:02',0),(549,'主题42','游客42','13908648681','咨询',1470366426,'email42@qq.com','content42','2016-08-20 18:38:02',0),(548,'主题41','游客41','13897003173','建议',1470366426,'email41@qq.com','content41','2016-08-20 18:38:02',0),(547,'主题40','游客40','13143121337','其他',1470366426,'email40@qq.com','content40','2016-08-20 18:38:02',0),(546,'主题39','游客39','13775329589','投诉',1470366426,'email39@qq.com','content39','2016-08-20 18:38:02',0),(545,'主题38','游客38','13402865600','咨询',1470366426,'email38@qq.com','content38','2016-08-20 18:38:02',0),(544,'主题37','游客37','13498721313','咨询',1470366426,'email37@qq.com','content37','2016-08-20 18:38:02',0),(543,'主题36','游客36','13472491455','建议',1470366426,'email36@qq.com','content36','2016-08-20 18:38:02',0),(542,'主题35','游客35','13172015380','其他',1470366426,'email35@qq.com','content35','2016-08-20 18:38:02',0),(541,'主题34','游客34','13690267944','其他',1470366426,'email34@qq.com','content34','2016-08-20 18:38:02',0),(540,'主题33','游客33','13302478027','建议',1470366426,'email33@qq.com','content33','2016-08-20 18:38:02',0),(539,'主题32','游客32','13431402587','其他',1470366426,'email32@qq.com','content32','2016-08-20 18:38:02',0),(538,'主题31','游客31','13145016479','咨询',1470366426,'email31@qq.com','content31','2016-08-20 18:38:02',0),(537,'主题30','游客30','13149163818','建议',1470366426,'email30@qq.com','content30','2016-08-20 18:38:02',0),(536,'主题29','游客29','13253945922','其他',1470366426,'email29@qq.com','content29','2016-08-20 18:38:02',0),(535,'主题28','游客28','13183358764','投诉',1470366426,'email28@qq.com','content28','2016-08-20 18:38:02',0),(534,'主题27','游客27','13775741577','投诉',1470366426,'email27@qq.com','content27','2016-08-20 18:38:02',0),(533,'主题26','游客26','13695678710','咨询',1470366426,'email26@qq.com','content26','2016-08-20 18:38:02',0),(532,'主题25','游客25','13966738891','其他',1470366426,'email25@qq.com','content25','2016-08-20 18:38:02',0),(531,'主题24','游客24','13341094970','其他',1470366426,'email24@qq.com','content24','2016-08-20 18:38:02',0),(530,'主题23','游客23','13470568847','建议',1470366426,'email23@qq.com','content23','2016-08-20 18:38:02',0),(529,'主题22','游客22','13734790039','建议',1470366426,'email22@qq.com','content22','2016-08-20 18:38:02',0),(528,'主题21','游客21','13639428710','其他',1470366426,'email21@qq.com','content21','2016-08-20 18:38:02',0),(527,'主题20','游客20','13823971557','投诉',1470366426,'email20@qq.com','content20','2016-08-20 18:38:02',0),(526,'主题19','游客19','13133810424','其他',1470366426,'email19@qq.com','content19','2016-08-20 18:38:02',0),(525,'主题18','游客18','13823944091','其他',1470366426,'email18@qq.com','content18','2016-08-20 18:38:02',0),(524,'主题17','游客17','13184759521','投诉',1470366426,'email17@qq.com','content17','2016-08-20 18:38:02',0),(523,'主题16','游客16','13727896118','投诉',1470366426,'email16@qq.com','content16','2016-08-20 18:38:02',0),(522,'主题15','游客15','13253314208','咨询',1470366426,'email15@qq.com','content15','2016-08-20 18:38:02',0),(521,'主题14','游客14','13449447631','建议',1470366426,'email14@qq.com','content14','2016-08-20 18:38:02',0),(520,'主题13','游客13','13371417236','咨询',1470366426,'email13@qq.com','content13','2016-08-20 18:38:02',0),(519,'主题12','游客12','13107855224','建议',1470366426,'email12@qq.com','content12','2016-08-20 18:38:02',0),(518,'主题11','游客11','13798455810','其他',1470366426,'email11@qq.com','content11','2016-08-20 18:38:02',0),(517,'主题10','游客10','13314865112','咨询',1470366426,'email10@qq.com','content10','2016-08-20 18:38:02',0),(516,'主题9','游客9','13878353881','其他',1470366426,'email9@qq.com','content9','2016-08-20 18:38:02',0),(515,'主题8','游客8','13972698974','咨询',1470366426,'email8@qq.com','content8','2016-08-20 18:38:02',0),(514,'主题7','游客7','13330740356','咨询',1470366426,'email7@qq.com','content7','2016-08-20 18:38:02',0),(513,'主题6','游客6','13242437744','建议',1470366426,'email6@qq.com','content6','2016-08-20 18:38:02',0),(512,'主题5','游客5','13361611938','咨询',1470366426,'email5@qq.com','content5','2016-08-20 18:38:02',0),(511,'主题4','游客4','13292617797','投诉',1470366426,'email4@qq.com','content4','2016-08-20 18:38:02',0),(510,'主题3','游客3','13626794433','咨询',1470366426,'email3@qq.com','content3','2016-08-20 18:38:02',0),(509,'主题2','游客2','13786590576','投诉',1470366426,'email2@qq.com','content2','2016-08-20 18:38:02',0),(572,'主题65','游客65','13296655273','咨询',1470366426,'email65@qq.com','content65','2016-08-20 18:38:02',0),(573,'主题66','游客66','13441427612','投诉',1470366426,'email66@qq.com','content66','2016-08-20 18:38:02',0),(574,'主题67','游客67','13327719116','其他',1470366426,'email67@qq.com','content67','2016-08-20 18:38:02',0),(575,'主题68','游客68','13591830444','其他',1470366426,'email68@qq.com','content68','2016-08-20 18:38:02',0),(576,'主题69','游客69','13498886108','咨询',1470366426,'email69@qq.com','content69','2016-08-20 18:38:02',0),(577,'主题70','游客70','13301187133','其他',1470366426,'email70@qq.com','content70','2016-08-20 18:38:02',0),(578,'主题71','游客71','13393582153','建议',1470366426,'email71@qq.com','content71','2016-08-20 18:38:02',0),(579,'主题72','游客72','13271881103','投诉',1470366426,'email72@qq.com','content72','2016-08-20 18:38:02',0),(580,'主题73','游客73','13498556518','其他',1470366426,'email73@qq.com','content73','2016-08-20 18:38:02',0),(581,'主题74','游客74','13968936157','建议',1470366426,'email74@qq.com','content74','2016-08-20 18:38:02',0),(582,'主题75','游客75','13358673095','投诉',1470366426,'email75@qq.com','content75','2016-08-20 18:38:02',0),(583,'主题76','游客76','13638412475','投诉',1470366426,'email76@qq.com','content76','2016-08-20 18:38:02',0),(584,'主题77','游客77','13769479370','咨询',1470366426,'email77@qq.com','content77','2016-08-20 18:38:02',0),(585,'主题78','游客78','13865444946','其他',1470366426,'email78@qq.com','content78','2016-08-20 18:38:02',0),(586,'主题79','游客79','13923068237','建议',1470366426,'email79@qq.com','content79','2016-08-20 18:38:02',0),(587,'主题80','游客80','13911999511','投诉',1470366426,'email80@qq.com','content80','2016-08-20 18:38:02',0),(588,'主题81','游客81','13772967529','其他',1470366426,'email81@qq.com','content81','2016-08-20 18:38:02',0),(589,'主题82','游客82','13325000000','咨询',1470366426,'email82@qq.com','content82','2016-08-20 18:38:02',0),(590,'主题83','游客83','13433325195','投诉',1470366426,'email83@qq.com','content83','2016-08-20 18:38:02',0),(591,'主题84','游客84','13955862426','投诉',1470366426,'email84@qq.com','content84','2016-08-20 18:38:02',0),(592,'主题85','游客85','13578674316','其他',1470366426,'email85@qq.com','content85','2016-08-20 18:38:02',0),(593,'主题86','游客86','13881622314','投诉',1470366426,'email86@qq.com','content86','2016-08-20 18:38:02',0),(594,'主题87','游客87','13159271240','建议',1470366426,'email87@qq.com','content87','2016-08-20 18:38:02',0),(595,'主题88','游客88','13168417358','咨询',1470366426,'email88@qq.com','content88','2016-08-20 18:38:02',0),(596,'主题89','游客89','13797851562','其他',1470366426,'email89@qq.com','content89','2016-08-20 18:38:02',0),(597,'主题90','游客90','13168060302','建议',1470366426,'email90@qq.com','content90','2016-08-20 18:38:02',0),(598,'主题91','游客91','13683593750','咨询',1470366426,'email91@qq.com','content91','2016-08-20 18:38:02',0),(599,'主题92','游客92','13988244628','其他',1470366426,'email92@qq.com','content92','2016-08-20 18:38:02',0),(600,'主题93','游客93','13828833007','投诉',1470366426,'email93@qq.com','content93','2016-08-20 18:38:02',0),(601,'主题94','游客94','13426980590','建议',1470366426,'email94@qq.com','content94','2016-08-20 18:38:02',0),(602,'主题95','游客95','13203765869','咨询',1470366426,'email95@qq.com','content95','2016-08-20 18:38:02',0),(603,'主题96','游客96','13811831665','咨询',1470366426,'email96@qq.com','content96','2016-08-20 18:38:02',0),(604,'主题97','游客97','13815484619','投诉',1470366426,'email97@qq.com','content97','2016-08-20 18:38:02',0),(605,'主题98','游客98','13934851074','投诉',1470366426,'email98@qq.com','content98','2016-08-20 18:38:02',0),(606,'主题99','游客99','13146389770','投诉',1470366426,'email99@qq.com','content99','2016-08-20 18:38:02',0),(607,'主题100','游客100','13223513793','投诉',1470366426,'email100@qq.com','content100','2016-08-20 18:38:02',0),(608,'主题101','游客101','13117770385','投诉',1470366426,'email101@qq.com','content101','2016-08-20 18:38:02',0),(609,'主题102','游客102','13438323974','咨询',1470366426,'email102@qq.com','content102','2016-08-20 18:38:02',0),(610,'主题103','游客103','13994314575','投诉',1470366426,'email103@qq.com','content103','2016-08-20 18:38:02',0),(611,'主题104','游客104','13538107299','投诉',1470366426,'email104@qq.com','content104','2016-08-20 18:38:02',0),(612,'主题105','游客105','13394955444','投诉',1470366426,'email105@qq.com','content105','2016-08-20 18:38:02',0),(613,'主题106','游客106','13602954101','咨询',1470366426,'email106@qq.com','content106','2016-08-20 18:38:02',0),(614,'主题107','游客107','13925924682','建议',1470366426,'email107@qq.com','content107','2016-08-20 18:38:02',0),(615,'主题108','游客108','13556015014','咨询',1470366426,'email108@qq.com','content108','2016-08-20 18:38:02',0),(616,'主题109','游客109','13701364135','建议',1470366426,'email109@qq.com','content109','2016-08-20 18:38:02',0),(617,'主题110','游客110','13574581909','其他',1470366426,'email110@qq.com','content110','2016-08-20 18:38:02',0),(618,'主题111','游客111','13867257690','咨询',1470366426,'email111@qq.com','content111','2016-08-20 18:38:02',0),(619,'主题112','游客112','13630776977','投诉',1470366426,'email112@qq.com','content112','2016-08-20 18:38:02',0),(620,'主题113','游客113','13794528198','咨询',1470366426,'email113@qq.com','content113','2016-08-20 18:38:02',0),(621,'主题114','游客114','13653189086','投诉',1470366426,'email114@qq.com','content114','2016-08-20 18:38:02',0),(622,'主题115','游客115','13656320190','其他',1470366426,'email115@qq.com','content115','2016-08-20 18:38:02',0),(623,'主题116','游客116','13549148559','投诉',1470366426,'email116@qq.com','content116','2016-08-20 18:38:02',0),(624,'主题117','游客117','13955944824','建议',1470366426,'email117@qq.com','content117','2016-08-20 18:38:02',0),(625,'主题118','游客118','13679199218','咨询',1470366426,'email118@qq.com','content118','2016-08-20 18:38:02',0),(626,'主题119','游客119','13720123291','投诉',1470366426,'email119@qq.com','content119','2016-08-20 18:38:02',0),(627,'主题120','游客120','13223651123','建议',1470366426,'email120@qq.com','content120','2016-08-20 18:38:02',0),(628,'主题121','游客121','13124224853','其他',1470366426,'email121@qq.com','content121','2016-08-20 18:38:02',0),(629,'主题122','游客122','13332278442','投诉',1470366426,'email122@qq.com','content122','2016-08-20 18:38:02',0),(630,'主题123','游客123','13264108276','咨询',1470366426,'email123@qq.com','content123','2016-08-20 18:38:02',0),(631,'主题124','游客124','13497677612','建议',1470366426,'email124@qq.com','content124','2016-08-20 18:38:02',0),(632,'主题125','游客125','13440878295','咨询',1470366426,'email125@qq.com','content125','2016-08-20 18:38:02',0),(633,'主题126','游客126','13442745971','投诉',1470366426,'email126@qq.com','content126','2016-08-20 18:38:02',0),(634,'主题127','游客127','13974044799','咨询',1470366426,'email127@qq.com','content127','2016-08-20 18:38:02',0),(635,'主题128','游客128','13463125610','投诉',1470366426,'email128@qq.com','content128','2016-08-20 18:38:02',0),(636,'主题129','游客129','13208407592','咨询',1470366426,'email129@qq.com','content129','2016-08-20 18:38:02',0),(637,'主题130','游客130','13815264892','投诉',1470366426,'email130@qq.com','content130','2016-08-20 18:38:02',0),(638,'主题131','游客131','13930621337','建议',1470366426,'email131@qq.com','content131','2016-08-20 18:38:02',0),(639,'主题132','游客132','13290338134','咨询',1470366426,'email132@qq.com','content132','2016-08-20 18:38:02',0),(640,'主题133','游客133','13461065673','其他',1470366426,'email133@qq.com','content133','2016-08-20 18:38:02',0),(641,'主题134','游客134','13865307617','建议',1470366426,'email134@qq.com','content134','2016-08-20 18:38:02',0),(642,'主题135','游客135','13336260986','建议',1470366426,'email135@qq.com','content135','2016-08-20 18:38:02',0),(643,'主题136','游客136','13570874023','投诉',1470366426,'email136@qq.com','content136','2016-08-20 18:38:02',0),(644,'主题137','游客137','13848086547','其他',1470366426,'email137@qq.com','content137','2016-08-20 18:38:02',0),(645,'主题138','游客138','13367929077','建议',1470366426,'email138@qq.com','content138','2016-08-20 18:38:02',0),(646,'主题139','游客139','13154684448','咨询',1470366426,'email139@qq.com','content139','2016-08-20 18:38:02',0),(647,'主题140','游客140','13872338867','其他',1470366426,'email140@qq.com','content140','2016-08-20 18:38:02',0),(648,'主题141','游客141','13129360961','其他',1470366426,'email141@qq.com','content141','2016-08-20 18:38:02',0),(649,'主题142','游客142','13319067382','其他',1470366426,'email142@qq.com','content142','2016-08-20 18:38:02',0),(650,'主题143','游客143','13862725830','投诉',1470366426,'email143@qq.com','content143','2016-08-20 18:38:02',0),(651,'主题144','游客144','13206210327','咨询',1470366426,'email144@qq.com','content144','2016-08-20 18:38:02',0),(652,'主题145','游客145','13383612060','建议',1470366426,'email145@qq.com','content145','2016-08-20 18:38:02',0),(653,'主题146','游客146','13309454345','咨询',1470366426,'email146@qq.com','content146','2016-08-20 18:38:02',0),(654,'主题147','游客147','13414895629','其他',1470366426,'email147@qq.com','content147','2016-08-20 18:38:02',0),(655,'主题148','游客148','13307778930','投诉',1470366426,'email148@qq.com','content148','2016-08-20 18:38:02',0),(656,'主题149','游客149','13529180908','其他',1470366426,'email149@qq.com','content149','2016-08-20 18:38:02',0),(657,'主题150','游客150','13510833740','投诉',1470366426,'email150@qq.com','content150','2016-08-20 18:38:02',0),(658,'主题151','游客151','13420388793','投诉',1470366426,'email151@qq.com','content151','2016-08-20 18:38:02',0),(659,'主题152','游客152','13928726196','其他',1470366426,'email152@qq.com','content152','2016-08-20 18:38:02',0),(660,'主题153','游客153','13757064819','建议',1470366426,'email153@qq.com','content153','2016-08-20 18:38:02',0),(661,'主题154','游客154','13174844360','其他',1470366426,'email154@qq.com','content154','2016-08-20 18:38:02',0),(662,'主题155','游客155','13732345581','咨询',1470366426,'email155@qq.com','content155','2016-08-20 18:38:02',0),(663,'主题156','游客156','13642230224','咨询',1470366426,'email156@qq.com','content156','2016-08-20 18:38:02',0),(664,'主题157','游客157','13776867675','其他',1470366426,'email157@qq.com','content157','2016-08-20 18:38:02',0),(665,'主题158','游客158','13744348144','咨询',1470366426,'email158@qq.com','content158','2016-08-20 18:38:02',0),(666,'主题159','游客159','13449969482','投诉',1470366426,'email159@qq.com','content159','2016-08-20 18:38:02',0),(667,'主题160','游客160','13460598754','其他',1470366426,'email160@qq.com','content160','2016-08-20 18:38:02',0),(668,'主题161','游客161','13874783325','其他',1470366426,'email161@qq.com','content161','2016-08-20 18:38:02',0),(669,'主题162','游客162','13977340698','其他',1470366426,'email162@qq.com','content162','2016-08-20 18:38:02',0),(670,'主题163','游客163','13832925415','咨询',1470366426,'email163@qq.com','content163','2016-08-20 18:38:02',0),(671,'主题164','游客164','13365237426','建议',1470366426,'email164@qq.com','content164','2016-08-20 18:38:02',0),(672,'主题165','游客165','13384408569','建议',1470366426,'email165@qq.com','content165','2016-08-20 18:38:02',0),(673,'主题166','游客166','13283087158','咨询',1470366426,'email166@qq.com','content166','2016-08-20 18:38:02',0),(674,'主题167','游客167','13228265380','投诉',1470366426,'email167@qq.com','content167','2016-08-20 18:38:02',0),(675,'主题168','游客168','13449282836','建议',1470366426,'email168@qq.com','content168','2016-08-20 18:38:02',0),(676,'主题169','游客169','13769863891','咨询',1470366426,'email169@qq.com','content169','2016-08-20 18:38:02',0),(677,'主题170','游客170','13371087646','咨询',1470366426,'email170@qq.com','content170','2016-08-20 18:38:02',0),(678,'主题171','游客171','13809936523','投诉',1470366426,'email171@qq.com','content171','2016-08-20 18:38:02',0),(679,'主题172','游客172','13372708129','建议',1470366426,'email172@qq.com','content172','2016-08-20 18:38:02',0),(680,'主题173','游客173','13721633911','其他',1470366426,'email173@qq.com','content173','2016-08-20 18:38:02',0),(681,'主题174','游客174','13712460327','投诉',1470366426,'email174@qq.com','content174','2016-08-20 18:38:02',0),(682,'主题175','游客175','13130706787','其他',1470366426,'email175@qq.com','content175','2016-08-20 18:38:02',0),(683,'主题176','游客176','13729873657','建议',1470366426,'email176@qq.com','content176','2016-08-20 18:38:02',0),(684,'主题177','游客177','13364660644','投诉',1470366426,'email177@qq.com','content177','2016-08-20 18:38:02',0),(685,'主题178','游客178','13413549804','建议',1470366426,'email178@qq.com','content178','2016-08-20 18:38:02',0),(686,'主题179','游客179','13786590576','咨询',1470366426,'email179@qq.com','content179','2016-08-20 18:38:02',0),(687,'主题180','游客180','13929605102','咨询',1470366426,'email180@qq.com','content180','2016-08-20 18:38:02',0),(688,'主题181','游客181','13179046630','其他',1470366426,'email181@qq.com','content181','2016-08-20 18:38:02',0),(689,'主题182','游客182','13202502441','投诉',1470366426,'email182@qq.com','content182','2016-08-20 18:38:02',0),(690,'主题183','游客183','13393829345','其他',1470366426,'email183@qq.com','content183','2016-08-20 18:38:02',0),(691,'主题184','游客184','13787744140','咨询',1470366426,'email184@qq.com','content184','2016-08-20 18:38:02',0),(692,'主题185','游客185','13933285522','其他',1470366426,'email185@qq.com','content185','2016-08-20 18:38:02',0),(693,'主题186','游客186','13927929687','其他',1470366426,'email186@qq.com','content186','2016-08-20 18:38:02',0),(694,'主题187','游客187','13578399658','建议',1470366426,'email187@qq.com','content187','2016-08-20 18:38:02',0),(695,'主题188','游客188','13432254028','投诉',1470366426,'email188@qq.com','content188','2016-08-20 18:38:02',0),(696,'主题189','游客189','13129992675','投诉',1470366426,'email189@qq.com','content189','2016-08-20 18:38:02',0),(697,'主题190','游客190','13370346069','咨询',1470366426,'email190@qq.com','content190','2016-08-20 18:38:02',0),(698,'主题191','游客191','13777856445','建议',1470366426,'email191@qq.com','content191','2016-08-20 18:38:02',0),(699,'主题192','游客192','13320852661','建议',1470366426,'email192@qq.com','content192','2016-08-20 18:38:02',0),(700,'主题193','游客193','13264080810','建议',1470366426,'email193@qq.com','content193','2016-08-20 18:38:02',0),(701,'主题194','游客194','13965859985','其他',1470366426,'email194@qq.com','content194','2016-08-20 18:38:02',0),(702,'主题195','游客195','13255868530','投诉',1470366426,'email195@qq.com','content195','2016-08-20 18:38:02',0),(703,'主题196','游客196','13470980834','其他',1470366426,'email196@qq.com','content196','2016-08-20 18:38:02',0),(704,'主题197','游客197','13993463134','咨询',1470366426,'email197@qq.com','content197','2016-08-20 18:38:02',0),(705,'主题198','游客198','13542639160','咨询',1470366426,'email198@qq.com','content198','2016-08-20 18:38:02',0),(706,'主题199','游客199','13229116821','投诉',1470366426,'email199@qq.com','content199','2016-08-20 18:38:02',0),(707,'主题200','游客200','13702435302','其他',1470366426,'email200@qq.com','content200','2016-08-20 18:38:02',0),(708,'主题201','游客201','13422229003','投诉',1470366426,'email201@qq.com','content201','2016-08-20 18:38:02',0),(709,'主题202','游客202','13269683837','建议',1470366426,'email202@qq.com','content202','2016-08-20 18:38:02',0),(710,'主题203','游客203','13706774902','其他',1470366426,'email203@qq.com','content203','2016-08-20 18:38:02',0),(711,'主题204','游客204','13992501831','其他',1470366426,'email204@qq.com','content204','2016-08-20 18:38:02',0),(712,'主题205','游客205','13996374511','咨询',1470366426,'email205@qq.com','content205','2016-08-20 18:38:02',0),(713,'主题206','游客206','13118154907','咨询',1470366426,'email206@qq.com','content206','2016-08-20 18:38:02',0),(714,'主题207','游客207','13142544555','咨询',1470366426,'email207@qq.com','content207','2016-08-20 18:38:02',0),(715,'主题208','游客208','13143395996','咨询',1470366426,'email208@qq.com','content208','2016-08-20 18:38:02',0),(716,'主题209','游客209','13212060546','咨询',1470366426,'email209@qq.com','content209','2016-08-20 18:38:02',0),(717,'主题210','游客210','13735174560','投诉',1470366426,'email210@qq.com','content210','2016-08-20 18:38:02',0),(718,'主题211','游客211','13598889160','投诉',1470366426,'email211@qq.com','content211','2016-08-20 18:38:02',0),(719,'主题212','游客212','13862506103','咨询',1470366426,'email212@qq.com','content212','2016-08-20 18:38:02',0),(720,'主题213','游客213','13336206054','其他',1470366426,'email213@qq.com','content213','2016-08-20 18:38:02',0),(721,'主题214','游客214','13930181884','咨询',1470366426,'email214@qq.com','content214','2016-08-20 18:38:02',0),(722,'主题215','游客215','13424234008','建议',1470366426,'email215@qq.com','content215','2016-08-20 18:38:02',0),(723,'主题216','游客216','13554806518','建议',1470366426,'email216@qq.com','content216','2016-08-20 18:38:02',0),(724,'主题217','游客217','13239746093','咨询',1470366426,'email217@qq.com','content217','2016-08-20 18:38:02',0),(725,'主题218','游客218','13673815917','其他',1470366426,'email218@qq.com','content218','2016-08-20 18:38:02',0),(726,'主题219','游客219','13542282104','建议',1470366426,'email219@qq.com','content219','2016-08-20 18:38:02',0),(727,'主题220','游客220','13228128051','其他',1470366426,'email220@qq.com','content220','2016-08-20 18:38:02',0),(728,'主题221','游客221','13843389892','投诉',1470366426,'email221@qq.com','content221','2016-08-20 18:38:02',0),(729,'主题222','游客222','13609133911','建议',1470366426,'email222@qq.com','content222','2016-08-20 18:38:02',0),(730,'主题223','游客223','13953967285','投诉',1470366426,'email223@qq.com','content223','2016-08-20 18:38:02',0),(731,'主题224','游客224','13910516357','咨询',1470366426,'email224@qq.com','content224','2016-08-20 18:38:02',0),(732,'主题225','游客225','13775686645','投诉',1470366426,'email225@qq.com','content225','2016-08-20 18:38:02',0),(733,'主题226','游客226','13775521850','建议',1470366426,'email226@qq.com','content226','2016-08-20 18:38:02',0),(734,'主题227','游客227','13951934814','建议',1470366426,'email227@qq.com','content227','2016-08-20 18:38:02',0),(735,'主题228','游客228','13180447387','投诉',1470366426,'email228@qq.com','content228','2016-08-20 18:38:02',0),(736,'主题229','游客229','13243893432','建议',1470366426,'email229@qq.com','content229','2016-08-20 18:38:02',0),(737,'主题230','游客230','13344940185','咨询',1470366426,'email230@qq.com','content230','2016-08-20 18:38:02',0),(738,'主题231','游客231','13347549438','投诉',1470366426,'email231@qq.com','content231','2016-08-20 18:38:02',0),(739,'主题232','游客232','13509460449','建议',1470366426,'email232@qq.com','content232','2016-08-20 18:38:02',0),(740,'主题233','游客233','13517041015','投诉',1470366426,'email233@qq.com','content233','2016-08-20 18:38:02',0),(741,'主题234','游客234','13170916748','建议',1470366426,'email234@qq.com','content234','2016-08-20 18:38:02',0),(742,'主题235','游客235','13810238647','投诉',1470366426,'email235@qq.com','content235','2016-08-20 18:38:02',0),(743,'主题236','游客236','13617016601','其他',1470366426,'email236@qq.com','content236','2016-08-20 18:38:02',0),(744,'主题237','游客237','13821719360','咨询',1470366426,'email237@qq.com','content237','2016-08-20 18:38:02',0),(745,'主题238','游客238','13949655151','咨询',1470366426,'email238@qq.com','content238','2016-08-20 18:38:02',0),(746,'主题239','游客239','13119500732','咨询',1470366426,'email239@qq.com','content239','2016-08-20 18:38:02',0),(747,'主题240','游客240','13438351440','咨询',1470366426,'email240@qq.com','content240','2016-08-20 18:38:02',0),(748,'主题241','游客241','13750225830','投诉',1470366426,'email241@qq.com','content241','2016-08-20 18:38:02',0),(749,'主题242','游客242','13594055175','其他',1470366426,'email242@qq.com','content242','2016-08-20 18:38:02',0),(750,'主题243','游客243','13929385375','咨询',1470366426,'email243@qq.com','content243','2016-08-20 18:38:02',0),(751,'主题244','游客244','13804278564','其他',1470366426,'email244@qq.com','content244','2016-08-20 18:38:02',0),(752,'主题245','游客245','13981323242','咨询',1470366426,'email245@qq.com','content245','2016-08-20 18:38:02',0),(753,'主题246','游客246','13719876098','建议',1470366426,'email246@qq.com','content246','2016-08-20 18:38:02',0),(754,'主题247','游客247','13745419311','其他',1470366426,'email247@qq.com','content247','2016-08-20 18:38:02',0),(755,'主题248','游客248','13534042358','建议',1470366426,'email248@qq.com','content248','2016-08-20 18:38:02',0),(756,'主题249','游客249','13513415527','咨询',1470366426,'email249@qq.com','content249','2016-08-20 18:38:02',0),(757,'主题250','游客250','13644702148','其他',1470366426,'email250@qq.com','content250','2016-08-20 18:38:02',0),(758,'主题251','游客251','13914031982','其他',1470366426,'email251@qq.com','content251','2016-08-20 18:38:02',0),(759,'主题252','游客252','13840176391','建议',1470366426,'email252@qq.com','content252','2016-08-20 18:38:02',0),(760,'主题253','游客253','13310223388','咨询',1470366426,'email253@qq.com','content253','2016-08-20 18:38:02',0),(761,'主题254','游客254','13499243164','投诉',1470366426,'email254@qq.com','content254','2016-08-20 18:38:02',0),(762,'主题255','游客255','13424591064','投诉',1470366426,'email255@qq.com','content255','2016-08-20 18:38:02',0),(763,'主题256','游客256','13846163940','投诉',1470366426,'email256@qq.com','content256','2016-08-20 18:38:02',0),(764,'主题257','游客257','13759042358','咨询',1470366426,'email257@qq.com','content257','2016-08-20 18:38:02',0),(765,'主题258','游客258','13851052856','建议',1470366426,'email258@qq.com','content258','2016-08-20 18:38:02',0),(766,'主题259','游客259','13623718261','投诉',1470366426,'email259@qq.com','content259','2016-08-20 18:38:02',0),(767,'主题260','游客260','13416516113','建议',1470366426,'email260@qq.com','content260','2016-08-20 18:38:02',0),(768,'主题261','游客261','13141390991','咨询',1470366426,'email261@qq.com','content261','2016-08-20 18:38:02',0),(769,'主题262','游客262','13640994262','建议',1470366426,'email262@qq.com','content262','2016-08-20 18:38:02',0),(770,'主题263','游客263','13142407226','其他',1470366426,'email263@qq.com','content263','2016-08-20 18:38:02',0),(771,'主题264','游客264','13399432373','其他',1470366426,'email264@qq.com','content264','2016-08-20 18:38:02',0),(772,'主题265','游客265','13416268920','咨询',1470366426,'email265@qq.com','content265','2016-08-20 18:38:02',0),(773,'主题266','游客266','13632012939','建议',1470366426,'email266@qq.com','content266','2016-08-20 18:38:02',0),(774,'主题267','游客267','13735311889','投诉',1470366426,'email267@qq.com','content267','2016-08-20 18:38:02',0),(775,'主题268','游客268','13281658935','其他',1470366426,'email268@qq.com','content268','2016-08-20 18:38:02',0),(776,'主题269','游客269','13515832519','其他',1470366426,'email269@qq.com','content269','2016-08-20 18:38:02',0),(777,'主题270','游客270','13670465087','投诉',1470366426,'email270@qq.com','content270','2016-08-20 18:38:02',0),(778,'主题271','游客271','13632864379','投诉',1470366426,'email271@qq.com','content271','2016-08-20 18:38:02',0),(779,'主题272','游客272','13456341552','建议',1470366426,'email272@qq.com','content272','2016-08-20 18:38:02',0),(780,'主题273','游客273','13553598022','投诉',1470366426,'email273@qq.com','content273','2016-08-20 18:38:02',0),(781,'主题274','游客274','13659918212','建议',1470366426,'email274@qq.com','content274','2016-08-20 18:38:02',0),(782,'主题275','游客275','13605590820','投诉',1470366426,'email275@qq.com','content275','2016-08-20 18:38:02',0),(783,'主题276','游客276','13102828979','投诉',1470366426,'email276@qq.com','content276','2016-08-20 18:38:02',0),(784,'主题277','游客277','13745089721','其他',1470366426,'email277@qq.com','content277','2016-08-20 18:38:02',0),(785,'主题278','游客278','13747534179','建议',1470366426,'email278@qq.com','content278','2016-08-20 18:38:02',0),(786,'主题279','游客279','13241146850','投诉',1470366426,'email279@qq.com','content279','2016-08-20 18:38:02',0),(787,'主题280','游客280','13579525756','咨询',1470366426,'email280@qq.com','content280','2016-08-20 18:38:02',0),(788,'主题281','游客281','13441180419','建议',1470366426,'email281@qq.com','content281','2016-08-20 18:38:02',0),(789,'主题282','游客282','13722842407','咨询',1470366426,'email282@qq.com','content282','2016-08-20 18:38:02',0),(790,'主题283','游客283','13633715820','其他',1470366426,'email283@qq.com','content283','2016-08-20 18:38:02',0),(791,'主题284','游客284','13828750610','咨询',1470366426,'email284@qq.com','content284','2016-08-20 18:38:02',0),(792,'主题285','游客285','13873657226','投诉',1470366426,'email285@qq.com','content285','2016-08-20 18:38:02',0),(793,'主题286','游客286','13429122924','其他',1470366426,'email286@qq.com','content286','2016-08-20 18:38:02',0),(794,'主题287','游客287','13886016845','咨询',1470366426,'email287@qq.com','content287','2016-08-20 18:38:02',0),(795,'主题288','游客288','13994396972','建议',1470366426,'email288@qq.com','content288','2016-08-20 18:38:02',0),(796,'主题289','游客289','13813507080','投诉',1470366426,'email289@qq.com','content289','2016-08-20 18:38:02',0),(797,'主题290','游客290','13287179565','咨询',1470366426,'email290@qq.com','content290','2016-08-20 18:38:02',0),(798,'主题291','游客291','13123730468','其他',1470366426,'email291@qq.com','content291','2016-08-20 18:38:02',0),(799,'主题292','游客292','13752011108','投诉',1470366426,'email292@qq.com','content292','2016-08-20 18:38:02',0),(800,'主题293','游客293','13441592407','其他',1470366426,'email293@qq.com','content293','2016-08-20 18:38:02',0),(801,'主题294','游客294','13131750488','投诉',1470366426,'email294@qq.com','content294','2016-08-20 18:38:02',0),(802,'主题295','游客295','13522451782','其他',1470366426,'email295@qq.com','content295','2016-08-20 18:38:02',0),(803,'主题296','游客296','13451452636','其他',1470366426,'email296@qq.com','content296','2016-08-20 18:38:02',0),(804,'主题297','游客297','13831799316','咨询',1470366426,'email297@qq.com','content297','2016-08-20 18:38:02',0),(805,'主题298','游客298','13860226440','其他',1470366426,'email298@qq.com','content298','2016-08-20 18:38:02',0),(806,'主题299','游客299','13547088623','咨询',1470366426,'email299@qq.com','content299','2016-08-20 18:38:02',0),(807,'主题300','游客300','13571752929','其他',1470366426,'email300@qq.com','content300','2016-08-20 18:38:02',0),(808,'主题301','游客301','13846905517','其他',1470366426,'email301@qq.com','content301','2016-08-20 18:38:02',0),(809,'主题302','游客302','13794033813','建议',1470366426,'email302@qq.com','content302','2016-08-20 18:38:02',0),(810,'主题303','游客303','13903924560','投诉',1470366426,'email303@qq.com','content303','2016-08-20 18:38:02',0),(811,'主题304','游客304','13388967895','咨询',1470366426,'email304@qq.com','content304','2016-08-20 18:38:02',0),(812,'主题305','游客305','13446536254','建议',1470366426,'email305@qq.com','content305','2016-08-20 18:38:02',0),(813,'主题306','游客306','13252517700','投诉',1470366426,'email306@qq.com','content306','2016-08-20 18:38:02',0),(814,'主题307','游客307','13705044555','投诉',1470366426,'email307@qq.com','content307','2016-08-20 18:38:02',0),(815,'主题308','游客308','13356008911','建议',1470366426,'email308@qq.com','content308','2016-08-20 18:38:02',0),(816,'主题309','游客309','13508142089','其他',1470366426,'email309@qq.com','content309','2016-08-20 18:38:02',0),(817,'主题310','游客310','13839132690','其他',1470366426,'email310@qq.com','content310','2016-08-20 18:38:02',0),(818,'主题311','游客311','13945205688','投诉',1470366426,'email311@qq.com','content311','2016-08-20 18:38:02',0),(819,'主题312','游客312','13995358276','建议',1470366426,'email312@qq.com','content312','2016-08-20 18:38:02',0),(820,'主题313','游客313','13959954833','其他',1470366426,'email313@qq.com','content313','2016-08-20 18:38:02',0),(821,'主题314','游客314','13340408325','投诉',1470366426,'email314@qq.com','content314','2016-08-20 18:38:02',0),(822,'主题315','游客315','13891345214','其他',1470366426,'email315@qq.com','content315','2016-08-20 18:38:02',0),(823,'主题316','游客316','13104202270','其他',1470366426,'email316@qq.com','content316','2016-08-20 18:38:02',0),(824,'主题317','游客317','13826882934','咨询',1470366426,'email317@qq.com','content317','2016-08-20 18:38:02',0),(825,'主题318','游客318','13337249755','投诉',1470366426,'email318@qq.com','content318','2016-08-20 18:38:02',0),(826,'主题319','游客319','13884561157','投诉',1470366426,'email319@qq.com','content319','2016-08-20 18:38:02',0),(827,'主题320','游客320','13871817016','咨询',1470366426,'email320@qq.com','content320','2016-08-20 18:38:02',0),(828,'主题321','游客321','13188549804','建议',1470366426,'email321@qq.com','content321','2016-08-20 18:38:02',0),(829,'主题322','游客322','13428656005','咨询',1470366426,'email322@qq.com','content322','2016-08-20 18:38:02',0),(830,'主题323','游客323','13754537963','咨询',1470366426,'email323@qq.com','content323','2016-08-20 18:38:02',0),(831,'主题324','游客324','13309811401','投诉',1470366426,'email324@qq.com','content324','2016-08-20 18:38:02',0),(832,'主题325','游客325','13450161743','建议',1470366426,'email325@qq.com','content325','2016-08-20 18:38:02',0),(833,'主题326','游客326','13668185424','咨询',1470366426,'email326@qq.com','content326','2016-08-20 18:38:02',0),(834,'主题327','游客327','13146472167','其他',1470366426,'email327@qq.com','content327','2016-08-20 18:38:02',0),(835,'主题328','游客328','13294622802','投诉',1470366426,'email328@qq.com','content328','2016-08-20 18:38:02',0),(836,'主题329','游客329','13225573730','建议',1470366426,'email329@qq.com','content329','2016-08-20 18:38:02',0),(837,'主题330','游客330','13512756347','建议',1470366426,'email330@qq.com','content330','2016-08-20 18:38:02',0),(838,'主题331','游客331','13760580444','投诉',1470366426,'email331@qq.com','content331','2016-08-20 18:38:02',0),(839,'主题332','游客332','13722677612','其他',1470366426,'email332@qq.com','content332','2016-08-20 18:38:02',0),(840,'主题333','游客333','13333047485','其他',1470366426,'email333@qq.com','content333','2016-08-20 18:38:02',0),(841,'主题334','游客334','13583865356','建议',1470366426,'email334@qq.com','content334','2016-08-20 18:38:02',0),(842,'主题335','游客335','13603997802','投诉',1470366426,'email335@qq.com','content335','2016-08-20 18:38:02',0),(843,'主题336','游客336','13877832031','咨询',1470366426,'email336@qq.com','content336','2016-08-20 18:38:02',0),(844,'主题337','游客337','13803509521','其他',1470366426,'email337@qq.com','content337','2016-08-20 18:38:02',0),(845,'主题338','游客338','13941525268','投诉',1470366426,'email338@qq.com','content338','2016-08-20 18:38:02',0),(846,'主题339','游客339','13955313110','其他',1470366426,'email339@qq.com','content339','2016-08-20 18:38:02',0),(847,'主题340','游客340','13911614990','投诉',1470366426,'email340@qq.com','content340','2016-08-20 18:38:02',0),(848,'主题341','游客341','13701144409','其他',1470366426,'email341@qq.com','content341','2016-08-20 18:38:02',0),(849,'主题342','游客342','13370648193','咨询',1470366426,'email342@qq.com','content342','2016-08-20 18:38:02',0),(850,'主题343','游客343','13841384887','投诉',1470366426,'email343@qq.com','content343','2016-08-20 18:38:02',0),(851,'主题344','游客344','13735668945','投诉',1470366426,'email344@qq.com','content344','2016-08-20 18:38:02',0),(852,'主题345','游客345','13756680297','其他',1470366426,'email345@qq.com','content345','2016-08-20 18:38:02',0),(853,'主题346','游客346','13279681396','投诉',1470366426,'email346@qq.com','content346','2016-08-20 18:38:02',0),(854,'主题347','游客347','13626959228','投诉',1470366426,'email347@qq.com','content347','2016-08-20 18:38:02',0),(855,'主题348','游客348','13826910400','投诉',1470366426,'email348@qq.com','content348','2016-08-20 18:38:02',0),(856,'主题349','游客349','13713037109','投诉',1470366426,'email349@qq.com','content349','2016-08-20 18:38:02',0),(857,'主题350','游客350','13612100219','投诉',1470366426,'email350@qq.com','content350','2016-08-20 18:38:02',0),(858,'主题351','游客351','13316485595','投诉',1470366426,'email351@qq.com','content351','2016-08-20 18:38:02',0),(859,'主题352','游客352','13445053100','咨询',1470366426,'email352@qq.com','content352','2016-08-20 18:38:02',0),(860,'主题353','游客353','13383557128','投诉',1470366426,'email353@qq.com','content353','2016-08-20 18:38:02',0),(861,'主题354','游客354','13370181274','其他',1470366426,'email354@qq.com','content354','2016-08-20 18:38:02',0),(862,'主题355','游客355','13668624877','建议',1470366426,'email355@qq.com','content355','2016-08-20 18:38:02',0),(863,'主题356','游客356','13462713623','投诉',1470366426,'email356@qq.com','content356','2016-08-20 18:38:02',0),(864,'主题357','游客357','13822763061','建议',1470366426,'email357@qq.com','content357','2016-08-20 18:38:02',0),(865,'主题358','游客358','13951303100','其他',1470366426,'email358@qq.com','content358','2016-08-20 18:38:02',0),(866,'主题359','游客359','13823257446','建议',1470366426,'email359@qq.com','content359','2016-08-20 18:38:02',0),(867,'主题360','游客360','13908071899','投诉',1470366426,'email360@qq.com','content360','2016-08-20 18:50:29',1),(868,'主题361','游客361','13209451293','咨询',1470366426,'email361@qq.com','content361','2016-08-20 18:38:02',0),(869,'主题362','游客362','13596829223','建议',1470366426,'email362@qq.com','content362','2016-08-20 18:38:02',0),(870,'主题363','游客363','13540826416','其他',1470366426,'email363@qq.com','content363','2016-08-20 18:38:02',0),(871,'主题364','游客364','13419729614','投诉',1470366426,'email364@qq.com','content364','2016-08-20 18:38:02',0),(872,'主题365','游客365','13642477416','建议',1470366426,'email365@qq.com','content365','2016-08-20 18:38:02',0),(873,'主题366','游客366','13653381347','投诉',1470366426,'email366@qq.com','content366','2016-08-20 18:38:02',0),(874,'主题367','游客367','13754345703','建议',1470366426,'email367@qq.com','content367','2016-08-20 18:38:02',0),(875,'主题368','游客368','13314562988','咨询',1470366426,'email368@qq.com','content368','2016-08-20 18:38:02',0),(876,'主题369','游客369','13648931884','建议',1470366426,'email369@qq.com','content369','2016-08-20 18:38:02',0),(877,'主题370','游客370','13246749877','咨询',1470366426,'email370@qq.com','content370','2016-08-20 18:38:02',0),(878,'主题371','游客371','13633880615','建议',1470366426,'email371@qq.com','content371','2016-08-20 18:38:02',0),(879,'主题372','游客372','13667553710','建议',1470366426,'email372@qq.com','content372','2016-08-20 18:38:02',0),(880,'主题373','游客373','13404788208','建议',1470366426,'email373@qq.com','content373','2016-08-20 18:38:02',0),(881,'主题374','游客374','13968084716','投诉',1470366426,'email374@qq.com','content374','2016-08-20 18:38:02',0),(882,'主题375','游客375','13163500976','其他',1470366426,'email375@qq.com','content375','2016-08-20 18:38:02',0),(883,'主题376','游客376','13104531860','咨询',1470366426,'email376@qq.com','content376','2016-08-20 18:38:02',0),(884,'主题377','游客377','13768243408','咨询',1470366426,'email377@qq.com','content377','2016-08-20 18:38:02',0),(885,'主题378','游客378','13872860717','其他',1470366426,'email378@qq.com','content378','2016-08-20 18:38:02',0),(886,'主题379','游客379','13130596923','投诉',1470366426,'email379@qq.com','content379','2016-08-20 18:38:02',0),(887,'主题380','游客380','13207171630','投诉',1470366426,'email380@qq.com','content380','2016-08-20 18:38:02',0),(888,'主题381','游客381','13625283813','建议',1470366426,'email381@qq.com','content381','2016-08-20 18:38:02',0),(889,'主题382','游客382','13292178344','投诉',1470366426,'email382@qq.com','content382','2016-08-20 18:38:02',0),(890,'主题383','游客383','13428079223','其他',1470366426,'email383@qq.com','content383','2016-08-20 18:38:02',0),(891,'主题384','游客384','13130651855','投诉',1470366426,'email384@qq.com','content384','2016-08-20 18:38:02',0),(892,'主题385','游客385','13647970581','建议',1470366426,'email385@qq.com','content385','2016-08-20 18:38:02',0),(893,'主题386','游客386','13556481933','咨询',1470366426,'email386@qq.com','content386','2016-08-20 18:38:02',0),(894,'主题387','游客387','13268585205','投诉',1470366426,'email387@qq.com','content387','2016-08-20 18:38:02',0),(895,'主题388','游客388','13333624267','其他',1470366426,'email388@qq.com','content388','2016-08-20 18:38:02',0),(896,'主题389','游客389','13865087890','其他',1470366426,'email389@qq.com','content389','2016-08-20 18:38:02',0),(897,'主题390','游客390','13132052612','其他',1470366426,'email390@qq.com','content390','2016-08-20 18:38:02',0),(898,'主题391','游客391','13311624145','咨询',1470366426,'email391@qq.com','content391','2016-08-20 18:38:02',0),(899,'主题392','游客392','13120874023','咨询',1470366426,'email392@qq.com','content392','2016-08-20 18:38:02',0),(900,'主题393','游客393','13145401000','其他',1470366426,'email393@qq.com','content393','2016-08-20 18:38:02',0),(901,'主题394','游客394','13769671630','咨询',1470366426,'email394@qq.com','content394','2016-08-20 18:38:02',0),(902,'主题395','游客395','13402865600','建议',1470366426,'email395@qq.com','content395','2016-08-20 18:38:02',0),(903,'主题396','游客396','13698315429','投诉',1470366426,'email396@qq.com','content396','2016-08-20 18:38:02',0),(904,'主题397','游客397','13293359375','其他',1470366426,'email397@qq.com','content397','2016-08-20 18:38:02',0),(905,'主题398','游客398','13266113281','其他',1470366426,'email398@qq.com','content398','2016-08-20 18:38:02',0),(906,'主题399','游客399','13126257324','建议',1470366426,'email399@qq.com','content399','2016-08-20 18:38:02',0),(907,'主题400','游客400','13240734863','其他',1470366426,'email400@qq.com','content400','2016-08-20 18:38:02',0),(908,'主题401','游客401','13357162475','咨询',1470366426,'email401@qq.com','content401','2016-08-20 18:38:02',0),(909,'主题402','游客402','13637835693','建议',1470366426,'email402@qq.com','content402','2016-08-20 18:38:02',0),(910,'主题403','游客403','13368341064','投诉',1470366426,'email403@qq.com','content403','2016-08-20 18:38:02',0),(911,'主题404','游客404','13771649169','建议',1470366426,'email404@qq.com','content404','2016-08-20 18:38:02',0),(912,'主题405','游客405','13949710083','咨询',1470366426,'email405@qq.com','content405','2016-08-20 18:38:02',0),(913,'主题406','游客406','13207391357','建议',1470366426,'email406@qq.com','content406','2016-08-20 18:38:02',0),(914,'主题407','游客407','13495288085','投诉',1470366426,'email407@qq.com','content407','2016-08-20 18:38:02',0),(915,'主题408','游客408','13756048583','其他',1470366426,'email408@qq.com','content408','2016-08-20 18:38:02',0),(916,'主题409','游客409','13581558227','咨询',1470366426,'email409@qq.com','content409','2016-08-20 18:38:02',0),(917,'主题410','游客410','13202200317','其他',1470366426,'email410@qq.com','content410','2016-08-20 18:38:02',0),(918,'主题411','游客411','13142324829','投诉',1470366426,'email411@qq.com','content411','2016-08-20 18:38:02',0),(919,'主题412','游客412','13405392456','其他',1470366426,'email412@qq.com','content412','2016-08-20 18:38:02',0),(920,'主题413','游客413','13206787109','建议',1470366426,'email413@qq.com','content413','2016-08-20 18:38:02',0),(921,'主题414','游客414','13665933227','其他',1470366426,'email414@qq.com','content414','2016-08-20 18:38:02',0),(922,'主题415','游客415','13215631103','建议',1470366426,'email415@qq.com','content415','2016-08-20 18:38:02',0),(923,'主题416','游客416','13795269775','建议',1470366426,'email416@qq.com','content416','2016-08-20 18:38:02',0),(924,'主题417','游客417','13681149291','投诉',1470366426,'email417@qq.com','content417','2016-08-20 18:38:02',0),(925,'主题418','游客418','13982312011','建议',1470366426,'email418@qq.com','content418','2016-08-20 18:38:02',0),(926,'主题419','游客419','13406930541','建议',1470366426,'email419@qq.com','content419','2016-08-20 18:38:02',0),(927,'主题420','游客420','13395367431','建议',1470366426,'email420@qq.com','content420','2016-08-20 18:38:02',0),(928,'主题421','游客421','13332772827','其他',1470366426,'email421@qq.com','content421','2016-08-20 18:38:02',0),(929,'主题422','游客422','13511410522','咨询',1470366426,'email422@qq.com','content422','2016-08-20 18:38:02',0),(930,'主题423','游客423','13420333862','建议',1470366426,'email423@qq.com','content423','2016-08-20 18:38:02',0),(931,'主题424','游客424','13712130737','咨询',1470366426,'email424@qq.com','content424','2016-08-20 18:38:02',0),(932,'主题425','游客425','13745336914','建议',1470366426,'email425@qq.com','content425','2016-08-20 18:38:02',0),(933,'主题426','游客426','13238537597','投诉',1470366426,'email426@qq.com','content426','2016-08-20 18:38:02',0),(934,'主题427','游客427','13411764526','其他',1470366426,'email427@qq.com','content427','2016-08-20 18:38:02',0),(935,'主题428','游客428','13343786621','其他',1470366426,'email428@qq.com','content428','2016-08-20 18:38:02',0),(936,'主题429','游客429','13953802490','咨询',1470366426,'email429@qq.com','content429','2016-08-20 18:38:02',0),(937,'主题430','游客430','13935510253','建议',1470366426,'email430@qq.com','content430','2016-08-20 18:38:02',0),(938,'主题431','游客431','13641049194','建议',1470366426,'email431@qq.com','content431','2016-08-20 18:38:02',0),(939,'主题432','游客432','13847949218','咨询',1470366426,'email432@qq.com','content432','2016-08-20 18:38:02',0),(940,'主题433','游客433','13752670288','咨询',1470366426,'email433@qq.com','content433','2016-08-20 18:38:02',0),(941,'主题434','游客434','13534536743','建议',1470366426,'email434@qq.com','content434','2016-08-20 18:38:02',0),(942,'主题435','游客435','13336233520','建议',1470366426,'email435@qq.com','content435','2016-08-20 18:38:02',0),(943,'主题436','游客436','13121752929','其他',1470366426,'email436@qq.com','content436','2016-08-20 18:38:02',0),(944,'主题437','游客437','13516574096','其他',1470366426,'email437@qq.com','content437','2016-08-20 18:38:02',0),(945,'主题438','游客438','13614544677','咨询',1470366426,'email438@qq.com','content438','2016-08-20 18:38:02',0),(946,'主题439','游客439','13270590209','咨询',1470366426,'email439@qq.com','content439','2016-08-21 09:27:10',1),(947,'主题440','游客440','13294320678','咨询',1470366426,'email440@qq.com','content440','2016-08-21 09:27:09',1),(948,'主题441','游客441','13233538818','其他',1470366426,'email441@qq.com','content441','2016-08-20 18:38:02',0),(949,'主题442','游客442','13399871826','其他',1470366426,'email442@qq.com','content442','2016-08-20 18:38:02',0),(950,'主题443','游客443','13952154541','投诉',1470366426,'email443@qq.com','content443','2016-08-20 18:38:02',0),(951,'主题444','游客444','13431924438','投诉',1470366426,'email444@qq.com','content444','2016-08-20 18:38:02',0),(952,'主题445','游客445','13450738525','建议',1470366426,'email445@qq.com','content445','2016-08-20 18:38:02',0),(953,'主题446','游客446','13771841430','咨询',1470366426,'email446@qq.com','content446','2016-08-20 18:38:02',0),(954,'主题447','游客447','13925457763','投诉',1470366426,'email447@qq.com','content447','2016-08-20 18:38:02',0),(955,'主题448','游客448','13155508422','其他',1470366426,'email448@qq.com','content448','2016-08-20 18:38:02',0),(956,'主题449','游客449','13632562255','其他',1470366426,'email449@qq.com','content449','2016-08-20 18:38:02',0),(957,'主题450','游客450','13292343139','咨询',1470366426,'email450@qq.com','content450','2016-08-21 09:27:07',1),(958,'主题451','游客451','13586227416','其他',1470366426,'email451@qq.com','content451','2016-08-20 18:38:02',0),(959,'主题452','游客452','13670822143','投诉',1470366426,'email452@qq.com','content452','2016-08-20 18:38:02',0),(960,'主题453','游客453','13331481933','建议',1470366426,'email453@qq.com','content453','2016-08-20 18:38:02',0),(961,'主题454','游客454','13340353393','建议',1470366426,'email454@qq.com','content454','2016-08-20 18:38:02',0),(962,'主题455','游客455','13708175659','投诉',1470366426,'email455@qq.com','content455','2016-08-20 18:38:02',0),(963,'主题456','游客456','13510943603','其他',1470366426,'email456@qq.com','content456','2016-08-20 18:38:02',0),(964,'主题457','游客457','13471118164','投诉',1470366426,'email457@qq.com','content457','2016-08-20 18:38:02',0),(965,'主题458','游客458','13460598754','其他',1470366426,'email458@qq.com','content458','2016-08-20 18:38:02',0),(966,'主题459','游客459','13182534790','投诉',1470366426,'email459@qq.com','content459','2016-08-20 18:38:02',0),(967,'主题460','游客460','13391439819','其他',1470366426,'email460@qq.com','content460','2016-08-20 18:38:02',0),(968,'主题461','游客461','13242025756','咨询',1470366426,'email461@qq.com','content461','2016-08-21 09:27:08',1),(969,'主题462','游客462','13125048828','咨询',1470366426,'email462@qq.com','content462','2016-08-21 09:27:05',1),(970,'主题463','游客463','13169955444','其他',1470366426,'email463@qq.com','content463','2016-08-20 18:38:02',0),(973,'主题','游客466','13606607055','投诉',1470366426,'email466@qq.com','content466','2016-08-20 23:38:47',1),(974,'主题467','游客467','13265042114','咨询',1470366426,'email467@qq.com','content467','2016-08-21 09:27:06',1),(975,'主题468','游客468','13765716552','投诉',1470366426,'email468@qq.com','content468','2016-08-20 18:38:02',0),(976,'主题469','游客469','13436044311','投诉',1470366426,'email469@qq.com','content469','2016-08-20 18:38:02',0),(977,'主题470','游客470','13665521240','投诉',1470366426,'email470@qq.com','content470','2016-08-20 18:38:02',0),(978,'主题471','游客471','13173196411','其他',1470366426,'email471@qq.com','content471','2016-08-21 09:28:46',1),(979,'主题472','游客472','13373477172','其他',1470366426,'email472@qq.com','content472','2016-08-21 09:29:14',1),(980,'主题473','游客473','13211126708','投诉',1470366426,'email473@qq.com','content473','2016-08-20 18:38:02',0),(981,'主题474','游客474','13448156738','咨询',1470366426,'email474@qq.com','content474','2016-08-21 09:27:03',1),(982,'主题475','游客475','13600125122','其他',1470366426,'email475@qq.com','content475','2016-08-20 18:38:02',0),(983,'主题476','游客476','13647064208','投诉',1470366426,'email476@qq.com','content476','2016-08-21 09:28:42',1),(984,'主题477','游客477','13100247192','其他',1470366426,'email477@qq.com','content477','2016-08-21 09:28:40',1),(985,'主题478','游客478','13998379516','其他',1470366426,'email478@qq.com','content478','2016-08-21 09:28:37',1),(986,'主题479','游客479','13653820800','咨询',1470366426,'email479@qq.com','content479','2016-08-28 11:50:31',0),(987,'主题480','游客480','13877914428','咨询',1470366426,'email480@qq.com','content480','2016-08-28 11:50:30',0),(988,'主题481','游客481','13201596069','咨询',1470366426,'email481@qq.com','content481','2016-08-28 11:50:25',0),(989,'主题482','游客482','13281356811','投诉',1470366426,'email482@qq.com','content482','2016-08-28 11:50:21',0),(990,'主题483','游客483','13758959960','建议',1470366426,'email483@qq.com','content483','2016-08-28 11:50:18',0),(991,'主题484','游客484','13732785034','建议',1470366426,'email484@qq.com','content484','2016-08-28 11:50:15',0),(992,'主题485','游客485','13616879272','建议',1470366426,'email485@qq.com','content485','2016-08-28 11:50:11',0),(993,'主题486','游客486','13119857788','建议',1470366426,'email486@qq.com','content486','2016-08-28 11:50:09',0),(994,'主题487','游客487','13283938598','建议',1470366426,'email487@qq.com','content487','2016-08-28 11:50:10',0),(995,'主题488','游客488','13496441650','咨询',1470366426,'email488@qq.com','content488','2016-08-28 11:50:07',0),(996,'主题489','游客489','13934713745','建议',1470366426,'email489@qq.com','content489','2016-08-28 11:50:08',0),(997,'主题490','游客490','13643136596','咨询',1470366426,'email490@qq.com','content490','2016-08-28 11:50:05',0),(998,'主题491','游客491','13680215454','咨询',1470366426,'email491@qq.com','content491','2016-08-28 11:50:06',0),(999,'主题492','游客492','13526681518','咨询',1470366426,'email492@qq.com','content492','2016-08-28 11:50:03',0);

/*Table structure for table `news` */

DROP TABLE IF EXISTS `news`;

CREATE TABLE `news` (
  `id` int(10) unsigned NOT NULL AUTO_INCREMENT,
  `title` varchar(30) NOT NULL COMMENT '标题',
  `source` varchar(20) NOT NULL COMMENT '来源',
  `pubtime` int(11) NOT NULL COMMENT '发布时间',
  `content` text NOT NULL COMMENT '正文内容',
  `image` varchar(100) NOT NULL COMMENT '图片',
  `operator` varchar(20) NOT NULL COMMENT '发布人',
  `like` int(11) NOT NULL DEFAULT '0' COMMENT '点赞数',
  `unlike` int(11) NOT NULL DEFAULT '0' COMMENT '点踩数',
  PRIMARY KEY (`id`)
) ENGINE=MyISAM AUTO_INCREMENT=29 DEFAULT CHARSET=utf8;

/*Data for the table `news` */

insert  into `news`(`id`,`title`,`source`,`pubtime`,`content`,`image`,`operator`,`like`,`unlike`) values (22,'12','13',1472542309,'<p>2还有有有有有有有有有有有有有有有有</p><p>ghtghgh</p><p>hfhhf<br></p>','2bf2a7eebe4487bdf15a.jpg','root',0,0),(3,'今天要下雨了','腾讯网',1472485962,'<p>今天真的下雨拉！！<br></p>','','admin',0,0),(4,'你好世界','自媒体',1472530933,'<p>哈哈哈哈哈哈哈哈哈哈哈哈哈哈哈哈哈哈哈<br></p>','','root',0,0),(5,'44444444','aa',1472535734,'<p>法大师傅大师傅大师傅地方</p>','','admin',0,0),(6,'反对法','范德萨',1472535768,'<p>犯得上发射点反对</p>','','admin',0,0),(7,'反对法1','范德萨1',1472535772,'<p>犯得上发射点反对1</p>','','admin',0,0),(21,'1','1',1472542239,'<p>2<br></p>','','root',0,0),(20,'444','444',1472538580,'<p>444<br></p>','','root',0,0),(19,'4444','55555',1472538563,'<p>444444<br></p>','41c2fb03a2a231f76191.jpg','root',0,0),(18,'4444','55555',1472537227,'<p>444444<br></p>','41c2fb03a2a231f76191.jpg','root',0,0),(23,'123','133',1472542708,'<p>2还有有有有有有有有有有有有有有有有</p><p>ghtghgh</p><p>hfhhf4<br></p>','2bf2a7eebe4487bdf15a.jpg','root',0,0),(24,'767676','7677776',1472542723,'<p>767777<br></p>','','root',0,0),(25,'房贷首付','反对',1472542797,'<p>房贷首付<br></p>','','root',0,0),(26,'666','666',1472542869,'<p>66666<br></p>','','root',0,0),(27,'77','77',1472542895,'<p>778</p>','','root',0,0),(28,'88888','88888',1472543847,'<p>888886</p><p>888886</p><p>888886</p><p>888886</p><p>888886</p><p>888886啊啊啊啊啊啊啊啊啊</p>','7ce1cfc0b6948a1e5321.png','root',0,0);

/*Table structure for table `news_comment` */

DROP TABLE IF EXISTS `news_comment`;

CREATE TABLE `news_comment` (
  `id` int(10) unsigned NOT NULL AUTO_INCREMENT,
  `pid` int(11) NOT NULL COMMENT '新闻id',
  `username` varchar(20) NOT NULL COMMENT '用户名',
  `time` int(11) NOT NULL COMMENT '评论时间',
  `ip` varchar(40) NOT NULL COMMENT '评论者ip',
  `content` varchar(200) NOT NULL COMMENT '评论内容',
  PRIMARY KEY (`id`)
) ENGINE=MyISAM AUTO_INCREMENT=7 DEFAULT CHARSET=utf8;

/*Data for the table `news_comment` */

insert  into `news_comment`(`id`,`pid`,`username`,`time`,`ip`,`content`) values (1,3,'游客',2147483647,'0.0.0.0','的撒大苏打'),(2,3,'游客',2147483647,'0.0.0.0','哥哥范德萨范德萨'),(3,3,'aa',2147483647,'0.0.0.0','感到反感反感豆腐干豆腐干地方'),(4,3,'22',2147483647,'0.0.0.0','感到反感反感豆腐干豆腐干地方'),(5,4,'4',4,'','1'),(6,4,'5',5,'','5');

/*Table structure for table `news_like` */

DROP TABLE IF EXISTS `news_like`;

CREATE TABLE `news_like` (
  `id` int(10) unsigned NOT NULL AUTO_INCREMENT,
  `pid` int(11) NOT NULL COMMENT '新闻id',
  `ip` varchar(40) NOT NULL COMMENT '操作者ip',
  `like` enum('0','1') NOT NULL COMMENT '顶-1，踩-0',
  PRIMARY KEY (`id`)
) ENGINE=MyISAM DEFAULT CHARSET=utf8;

/*Data for the table `news_like` */

/*Table structure for table `slider_pic` */

DROP TABLE IF EXISTS `slider_pic`;

CREATE TABLE `slider_pic` (
  `id` int(10) unsigned NOT NULL AUTO_INCREMENT,
  `pic_name` varchar(50) NOT NULL COMMENT '图片名称',
  `jump_url` varchar(50) NOT NULL COMMENT '跳转地址',
  `pic_order` smallint(6) NOT NULL COMMENT '展示顺序',
  `prompt` varchar(50) NOT NULL COMMENT '底部提示语',
  `pic_url` varchar(180) NOT NULL COMMENT '图片url地址',
  PRIMARY KEY (`id`)
) ENGINE=MyISAM AUTO_INCREMENT=5 DEFAULT CHARSET=utf8;

/*Data for the table `slider_pic` */

insert  into `slider_pic`(`id`,`pic_name`,`jump_url`,`pic_order`,`prompt`,`pic_url`) values (1,'6ae80a669ff1ff8627e8.jpg','',1,'欢迎来到长寿湖',''),(2,'76b71f0ee75f82e6c6c9.jpg','',2,'222',''),(3,'d1e16f382ea66d3e6652.jpg','',3,'333',''),(4,'1ea9f9a66d2a2885350a.jpg','',4,'444','');

/*Table structure for table `user` */

DROP TABLE IF EXISTS `user`;

CREATE TABLE `user` (
  `id` int(10) unsigned NOT NULL AUTO_INCREMENT,
  `username` varchar(20) NOT NULL COMMENT '用户名',
  `password` varchar(50) NOT NULL COMMENT '密码',
  `sex` varchar(10) NOT NULL COMMENT '性别',
  `phone` varchar(20) NOT NULL COMMENT '电话',
  `email` varchar(50) NOT NULL COMMENT '邮箱',
  `reg_time` int(11) NOT NULL COMMENT '注册时间',
  `recent_login` int(11) NOT NULL COMMENT '最近登陆时间',
  `update_time` timestamp NULL DEFAULT CURRENT_TIMESTAMP COMMENT '数据更新时间',
  `score` int(11) NOT NULL DEFAULT '0' COMMENT '会员积分',
  `state` tinyint(4) NOT NULL DEFAULT '0' COMMENT '会员状态 1可用 0锁定',
  `note` text NOT NULL COMMENT '备注',
  `level_id` int(11) DEFAULT NULL COMMENT '等级id',
  PRIMARY KEY (`id`),
  UNIQUE KEY `unique` (`username`)
) ENGINE=MyISAM AUTO_INCREMENT=44 DEFAULT CHARSET=utf8;

/*Data for the table `user` */

insert  into `user`(`id`,`username`,`password`,`sex`,`phone`,`email`,`reg_time`,`recent_login`,`update_time`,`score`,`state`,`note`,`level_id`) values (1,'abc123','111111','男','13655445455','1111@qq.com',1470707511,0,'2016-08-09 09:51:51',0,1,'',1),(2,'aaaa1','111111','男','12121212122','33@qq.com',1470707845,0,'2016-08-09 09:57:25',0,1,'',1),(6,'admin','111111','男','13629795255','boyyb87@qq.com',1470764536,0,'2016-08-10 01:42:18',0,1,'',1),(7,'abcdd','111111','男','13432332233','44444@qq.com',1471764472,0,'2016-08-21 15:27:52',0,1,'',1),(8,'admin333','111111','男','11111111111','11@qq.com',1471764638,0,'2016-08-21 15:30:38',0,1,'',1),(9,'user1','111111','男','11111111111','11@qq.com',1471764699,0,'2016-08-21 15:31:39',0,1,'',1),(10,'user2','111111','男','11111111111','11@qq.com',1471764704,0,'2016-08-21 15:31:44',0,1,'',1),(11,'user3','111111','男','11111111111','11@qq.com',1471764707,0,'2016-08-21 15:31:47',0,1,'',1),(12,'user4','111111','男','11111111111','11@qq.com',1471764710,0,'2016-08-21 15:31:50',0,1,'',1),(13,'user5','111111','男','11111111111','11@qq.com',1471764713,0,'2016-08-21 15:31:53',0,1,'',1),(14,'user6','111111','男','11111111111','11@qq.com',1471764715,0,'2016-08-21 15:31:55',0,1,'',1),(15,'user7','111111','男','11111111111','11@qq.com',1471764718,0,'2016-08-21 15:31:58',0,1,'',1),(16,'user8','111111','男','11111111111','11@qq.com',1471764721,0,'2016-08-21 15:32:01',0,1,'',1),(17,'user9','111111','男','11111111111','11@qq.com',1471764724,0,'2016-08-21 15:32:04',0,1,'',1),(18,'user11','111111','男','11111111111','11@qq.com',1471764728,0,'2016-08-21 15:32:08',0,1,'',1),(19,'user12','111111','男','11111111111','11@qq.com',1471764732,0,'2016-08-21 15:32:12',1200,1,'',2),(20,'user13','111111','男','11111111111','11@qq.com',1471764735,0,'2016-08-21 15:32:15',6000,1,'',3),(21,'user14','111111','男','11111111111','11@qq.com',1471764738,0,'2016-08-21 15:32:18',2000,0,'',2),(22,'user15','111111','男','11111111111','11@qq.com',1471764740,0,'2016-08-21 15:32:20',3000,0,'',2),(23,'user16','111111','男','11111111111','11@qq.com',1471764743,0,'2016-08-21 15:32:23',6000,0,'',3),(29,'user24','111111','男','11111111111','11@qq.com',1471764765,0,'2016-08-21 15:32:45',0,1,'',1),(30,'user25','111111','男','11111111111','11@qq.com',1471764768,0,'2016-08-21 15:32:48',0,1,'',1),(38,'user35','111111','男','11111111111','11@qq.com',1471764791,0,'2016-08-21 15:33:11',22222,1,'',4),(39,'user36','111111','男','11111111111','11@qq.com',1471764793,0,'2016-08-21 15:33:13',22222,1,'',4);

/*Table structure for table `user_level` */

DROP TABLE IF EXISTS `user_level`;

CREATE TABLE `user_level` (
  `id` int(10) unsigned NOT NULL AUTO_INCREMENT,
  `level_name` varchar(20) NOT NULL COMMENT '等级名称',
  `score_from` int(11) NOT NULL COMMENT '积分范围',
  `score_to` int(11) NOT NULL COMMENT '积分范围',
  `note` text NOT NULL COMMENT '备注',
  PRIMARY KEY (`id`)
) ENGINE=MyISAM AUTO_INCREMENT=17 DEFAULT CHARSET=utf8;

/*Data for the table `user_level` */

insert  into `user_level`(`id`,`level_name`,`score_from`,`score_to`,`note`) values (1,'普通会员',0,1000,''),(2,'黄金会员',1001,5000,''),(3,'铂金会员',5001,12000,''),(4,'钻石会员',12001,100000,'');

/*Table structure for table `user_login` */

DROP TABLE IF EXISTS `user_login`;

CREATE TABLE `user_login` (
  `id` int(10) unsigned NOT NULL AUTO_INCREMENT,
  `pid` int(11) NOT NULL,
  `login_time` int(11) NOT NULL,
  `login_ip` varchar(40) NOT NULL,
  PRIMARY KEY (`id`)
) ENGINE=MyISAM AUTO_INCREMENT=22 DEFAULT CHARSET=utf8;

/*Data for the table `user_login` */

insert  into `user_login`(`id`,`pid`,`login_time`,`login_ip`) values (1,9,1472200302,'127.0.0.1'),(2,10,1472200999,'127.0.0.1'),(3,10,1472250999,'127.0.0.1'),(4,11,1472207999,'127.0.0.1'),(5,12,1472201999,'127.0.0.1'),(6,11,1472200399,'127.0.0.1'),(7,24,1472209999,'127.0.0.1'),(8,17,1472200919,'127.0.0.1'),(9,14,1472200299,'127.0.0.1'),(10,45,1472251199,'127.0.0.1'),(11,76,1472207799,'127.0.0.1'),(12,11,1472206699,'127.0.0.1'),(13,43,1472209199,'127.0.0.1'),(14,54,1472211999,'127.0.0.1'),(15,22,1472213999,'127.0.0.1'),(16,22,1472221999,'127.0.0.1'),(17,22,1472234999,'127.0.0.1'),(18,22,1472232999,'127.0.0.1'),(19,22,1472229999,'127.0.0.1'),(20,22,1472200099,'127.0.0.1'),(21,10,1472365447,'::1');

/*Table structure for table `user_pic` */

DROP TABLE IF EXISTS `user_pic`;

CREATE TABLE `user_pic` (
  `id` int(10) unsigned NOT NULL AUTO_INCREMENT,
  `pid` int(11) NOT NULL,
  `pic_name` varchar(50) NOT NULL,
  PRIMARY KEY (`id`)
) ENGINE=MyISAM AUTO_INCREMENT=6 DEFAULT CHARSET=utf8;

/*Data for the table `user_pic` */

insert  into `user_pic`(`id`,`pid`,`pic_name`) values (5,6,'4ae95ac42dd82c486a00.jpg');

/*!40101 SET SQL_MODE=@OLD_SQL_MODE */;
/*!40014 SET FOREIGN_KEY_CHECKS=@OLD_FOREIGN_KEY_CHECKS */;
/*!40014 SET UNIQUE_CHECKS=@OLD_UNIQUE_CHECKS */;
/*!40111 SET SQL_NOTES=@OLD_SQL_NOTES */;
